6.749918e+002,9.367712e-001
6.769203e+002,9.382004e-001
6.788489e+002,9.382004e-001
6.807775e+002,9.403057e-001
6.827060e+002,9.419765e-001
6.846346e+002,9.436514e-001
6.865631e+002,9.449047e-001
6.884916e+002,9.459144e-001
6.904202e+002,9.468235e-001
6.923488e+002,9.481518e-001
6.942773e+002,9.488400e-001
6.962059e+002,9.497290e-001
6.981344e+002,9.503196e-001
7.000629e+002,9.517730e-001
7.019915e+002,9.531901e-001
7.039200e+002,9.547143e-001
7.058486e+002,9.567091e-001
7.077772e+002,9.589155e-001
7.097057e+002,9.606121e-001
7.116342e+002,9.632765e-001
7.135628e+002,9.653490e-001
7.154913e+002,9.674714e-001
7.174199e+002,9.695901e-001
7.193484e+002,9.731322e-001
7.212770e+002,9.776908e-001
7.232055e+002,9.832085e-001
7.251341e+002,9.882326e-001
7.270626e+002,9.941141e-001
7.289911e+002,1.000268e+000
7.309197e+002,1.006909e+000
7.328483e+002,1.012986e+000
7.347768e+002,1.018957e+000
7.367054e+002,1.024526e+000
7.386339e+002,1.031042e+000
7.405624e+002,1.037817e+000
7.424910e+002,1.045305e+000
7.444196e+002,1.052764e+000
7.463481e+002,1.060610e+000
7.482767e+002,1.067897e+000
7.502052e+002,1.075814e+000
7.521337e+002,1.083169e+000
7.540623e+002,1.090644e+000
7.559908e+002,1.097674e+000
7.579194e+002,1.105166e+000
7.598480e+002,1.111923e+000
7.617765e+002,1.118812e+000
7.637050e+002,1.125514e+000
7.656336e+002,1.132489e+000
7.675621e+002,1.138589e+000
7.694907e+002,1.145085e+000
7.714193e+002,1.150828e+000
7.733478e+002,1.156876e+000
7.752763e+002,1.161414e+000
7.772048e+002,1.165264e+000
7.791334e+002,1.168189e+000
7.810620e+002,1.170787e+000
7.829905e+002,1.171454e+000
7.849191e+002,1.171234e+000
7.868476e+002,1.169816e+000
7.887761e+002,1.168444e+000
7.907047e+002,1.165491e+000
7.926332e+002,1.162886e+000
7.945618e+002,1.158883e+000
7.964904e+002,1.154890e+000
7.984189e+002,1.150430e+000
8.003474e+002,1.147511e+000
8.022760e+002,1.145337e+000
8.042045e+002,1.145009e+000
8.061331e+002,1.145414e+000
8.080616e+002,1.148024e+000
8.099902e+002,1.151017e+000
8.119187e+002,1.154235e+000
8.138473e+002,1.156881e+000
8.157758e+002,1.159412e+000
8.177043e+002,1.160330e+000
8.196329e+002,1.161038e+000
8.215615e+002,1.161801e+000
8.234900e+002,1.163638e+000
8.254186e+002,1.166234e+000
8.273471e+002,1.169770e+000
8.292756e+002,1.173062e+000
8.312042e+002,1.175924e+000
8.331328e+002,1.177654e+000
8.350613e+002,1.178901e+000
8.369899e+002,1.180108e+000
8.389184e+002,1.181480e+000
8.408469e+002,1.182474e+000
8.427755e+002,1.184097e+000
8.447040e+002,1.185374e+000
8.466326e+002,1.186845e+000
8.485612e+002,1.188493e+000
8.504897e+002,1.190241e+000
8.524182e+002,1.191755e+000
8.543468e+002,1.193860e+000
8.562753e+002,1.196182e+000
8.582039e+002,1.198854e+000
8.601324e+002,1.200805e+000
8.620610e+002,1.203317e+000
8.639895e+002,1.206075e+000
8.659181e+002,1.209475e+000
8.678466e+002,1.212766e+000
8.697751e+002,1.216412e+000
8.717037e+002,1.220034e+000
8.736323e+002,1.224270e+000
8.755608e+002,1.228382e+000
8.774894e+002,1.232839e+000
8.794179e+002,1.237201e+000
8.813464e+002,1.241834e+000
8.832750e+002,1.246514e+000
8.852036e+002,1.251348e+000
8.871321e+002,1.255607e+000
8.890607e+002,1.260018e+000
8.909892e+002,1.264281e+000
8.929177e+002,1.268588e+000
8.948463e+002,1.272518e+000
8.967748e+002,1.276831e+000
8.987034e+002,1.280681e+000
9.006320e+002,1.284689e+000
9.025605e+002,1.288423e+000
9.044890e+002,1.292204e+000
9.064176e+002,1.295361e+000
9.083461e+002,1.298503e+000
9.102747e+002,1.301491e+000
9.122032e+002,1.304568e+000
9.141318e+002,1.307287e+000
9.160603e+002,1.310507e+000
9.179889e+002,1.313486e+000
9.199174e+002,1.316004e+000
9.218459e+002,1.318005e+000
9.237745e+002,1.320083e+000
9.257031e+002,1.321717e+000
9.276316e+002,1.323800e+000
9.295602e+002,1.325868e+000
9.314887e+002,1.328071e+000
9.334172e+002,1.329412e+000
9.353458e+002,1.330992e+000
9.372744e+002,1.331724e+000
9.392029e+002,1.332692e+000
9.411315e+002,1.333985e+000
9.430600e+002,1.335225e+000
9.449885e+002,1.335706e+000
9.469171e+002,1.336066e+000
9.488456e+002,1.336231e+000
9.507742e+002,1.336622e+000
9.527028e+002,1.336689e+000
9.546313e+002,1.337402e+000
9.565598e+002,1.337873e+000
9.584884e+002,1.337870e+000
9.604169e+002,1.337505e+000
9.623455e+002,1.337656e+000
9.642740e+002,1.337465e+000
9.662026e+002,1.337574e+000
9.681311e+002,1.337792e+000
9.700597e+002,1.337810e+000
9.719882e+002,1.337552e+000
9.739167e+002,1.338043e+000
9.758453e+002,1.338117e+000
9.777739e+002,1.338153e+000
9.797024e+002,1.337771e+000
9.816309e+002,1.337582e+000
9.835595e+002,1.337131e+000
9.854880e+002,1.336941e+000
9.874166e+002,1.336797e+000
9.893452e+002,1.337153e+000
9.912737e+002,1.337350e+000
9.932022e+002,1.337067e+000
9.951308e+002,1.336106e+000
9.970593e+002,1.335913e+000
9.989879e+002,1.335637e+000
1.000916e+003,1.334772e+000
1.002845e+003,1.333320e+000
1.004773e+003,1.332276e+000
1.006702e+003,1.330338e+000
1.008631e+003,1.327893e+000
1.010559e+003,1.324806e+000
1.012488e+003,1.321809e+000
1.014416e+003,1.318808e+000
1.016345e+003,1.316201e+000
1.018273e+003,1.314218e+000
1.020202e+003,1.313087e+000
1.022130e+003,1.311884e+000
1.024059e+003,1.311899e+000
1.025988e+003,1.312363e+000
1.027916e+003,1.313059e+000
1.029845e+003,1.314169e+000
1.031773e+003,1.315534e+000
1.033702e+003,1.316704e+000
1.035630e+003,1.318071e+000
1.037559e+003,1.319277e+000
1.039487e+003,1.320583e+000
1.041416e+003,1.321710e+000
1.043344e+003,1.323559e+000
1.045273e+003,1.325243e+000
1.047202e+003,1.327084e+000
1.049130e+003,1.328499e+000
1.051059e+003,1.329768e+000
1.052987e+003,1.330940e+000
1.054916e+003,1.332394e+000
1.056844e+003,1.333466e+000
1.058773e+003,1.334680e+000
1.060701e+003,1.335335e+000
1.062630e+003,1.335948e+000
1.064558e+003,1.336200e+000
1.066487e+003,1.336629e+000
1.068416e+003,1.336754e+000
1.070344e+003,1.336845e+000
1.072273e+003,1.336546e+000
1.074201e+003,1.336330e+000
1.076130e+003,1.336329e+000
1.078058e+003,1.336646e+000
1.079987e+003,1.336661e+000
1.081915e+003,1.337526e+000
1.083844e+003,1.338457e+000
1.085773e+003,1.339014e+000
1.087701e+003,1.339106e+000
1.089630e+003,1.339058e+000
1.091558e+003,1.338482e+000
1.093487e+003,1.338476e+000
1.095415e+003,1.338224e+000
1.097344e+003,1.338306e+000
1.099272e+003,1.339096e+000
1.101201e+003,1.340397e+000
1.103130e+003,1.341100e+000
1.105058e+003,1.342138e+000
1.106987e+003,1.343678e+000
1.108915e+003,1.345685e+000
1.110844e+003,1.347551e+000
1.112772e+003,1.349933e+000
1.114701e+003,1.352700e+000
1.116629e+003,1.356435e+000
1.118558e+003,1.360509e+000
1.120486e+003,1.364246e+000
1.122415e+003,1.366845e+000
1.124344e+003,1.368719e+000
1.126272e+003,1.369159e+000
1.128201e+003,1.369319e+000
1.130129e+003,1.369284e+000
1.132058e+003,1.369231e+000
1.133986e+003,1.369079e+000
1.135915e+003,1.370125e+000
1.137843e+003,1.371103e+000
1.139772e+003,1.371409e+000
1.141700e+003,1.371688e+000
1.143629e+003,1.373117e+000
1.145557e+003,1.375218e+000
1.147486e+003,1.377931e+000
1.149415e+003,1.380365e+000
1.151343e+003,1.383314e+000
1.153272e+003,1.386458e+000
1.155200e+003,1.389842e+000
1.157129e+003,1.392686e+000
1.159057e+003,1.395615e+000
1.160986e+003,1.397755e+000
1.162914e+003,1.399855e+000
1.164843e+003,1.402023e+000
1.166772e+003,1.404456e+000
1.168700e+003,1.406832e+000
1.170629e+003,1.409625e+000
1.172557e+003,1.412274e+000
1.174486e+003,1.414835e+000
1.176414e+003,1.416836e+000
1.178343e+003,1.418738e+000
1.180271e+003,1.421080e+000
1.182200e+003,1.425679e+000
1.184129e+003,1.429604e+000
1.186057e+003,1.430967e+000
1.187986e+003,1.430672e+000
1.189914e+003,1.430581e+000
1.191843e+003,1.429991e+000
1.193771e+003,1.429021e+000
1.195700e+003,1.427218e+000
1.197628e+003,1.425869e+000
1.199557e+003,1.425130e+000
1.201485e+003,1.425397e+000
1.203414e+003,1.426172e+000
1.205343e+003,1.428424e+000
1.207271e+003,1.431466e+000
1.209200e+003,1.435233e+000
1.211128e+003,1.439366e+000
1.213057e+003,1.444009e+000
1.214985e+003,1.448518e+000
1.216914e+003,1.452950e+000
1.218842e+003,1.455068e+000
1.220771e+003,1.455215e+000
1.222699e+003,1.453196e+000
1.224628e+003,1.449079e+000
1.226557e+003,1.441650e+000
1.228485e+003,1.432330e+000
1.230414e+003,1.421642e+000
1.232342e+003,1.411302e+000
1.234271e+003,1.401100e+000
1.236199e+003,1.391890e+000
1.238128e+003,1.383112e+000
1.240056e+003,1.374590e+000
1.241985e+003,1.364930e+000
1.243913e+003,1.354564e+000
1.245842e+003,1.342595e+000
1.247771e+003,1.329260e+000
1.249699e+003,1.314342e+000
1.251628e+003,1.299632e+000
1.253556e+003,1.285379e+000
1.255485e+003,1.272156e+000
1.257413e+003,1.259503e+000
1.259342e+003,1.249253e+000
1.261270e+003,1.242710e+000
1.263199e+003,1.240649e+000
1.265128e+003,1.241249e+000
1.267056e+003,1.243498e+000
1.268985e+003,1.245829e+000
1.270913e+003,1.248724e+000
1.272842e+003,1.252321e+000
1.274770e+003,1.256643e+000
1.276699e+003,1.260647e+000
1.278627e+003,1.264306e+000
1.280556e+003,1.266148e+000
1.282484e+003,1.266288e+000
1.284413e+003,1.264374e+000
1.286342e+003,1.261189e+000
1.288270e+003,1.256582e+000
1.290199e+003,1.251672e+000
1.292127e+003,1.245973e+000
1.294056e+003,1.240217e+000
1.295984e+003,1.233815e+000
1.297913e+003,1.227131e+000
1.299841e+003,1.219657e+000
1.301770e+003,1.211919e+000
1.303698e+003,1.203623e+000
1.305627e+003,1.195596e+000
1.307556e+003,1.187695e+000
1.309484e+003,1.180424e+000
1.311413e+003,1.172708e+000
1.313341e+003,1.165092e+000
1.315270e+003,1.157122e+000
1.317198e+003,1.149132e+000
1.319127e+003,1.140859e+000
1.321055e+003,1.132334e+000
1.322984e+003,1.122794e+000
1.324912e+003,1.112811e+000
1.326841e+003,1.101688e+000
1.328770e+003,1.089940e+000
1.330698e+003,1.077490e+000
1.332627e+003,1.065446e+000
1.334555e+003,1.053672e+000
1.336484e+003,1.042387e+000
1.338412e+003,1.031437e+000
1.340341e+003,1.021586e+000
1.342269e+003,1.012452e+000
1.344198e+003,1.003783e+000
1.346126e+003,9.950736e-001
1.348055e+003,9.868660e-001
1.349984e+003,9.784256e-001
1.351912e+003,9.698608e-001
1.353841e+003,9.610212e-001
1.355769e+003,9.523480e-001
1.357698e+003,9.435267e-001
1.359626e+003,9.348422e-001
1.361555e+003,9.260707e-001
1.363483e+003,9.181034e-001
1.365412e+003,9.113197e-001
1.367341e+003,9.058439e-001
1.369269e+003,9.017492e-001
1.371198e+003,8.998100e-001
1.373126e+003,8.995107e-001
1.375055e+003,9.013428e-001
1.376983e+003,9.047012e-001
1.378912e+003,9.088436e-001
1.380840e+003,9.129314e-001
1.382769e+003,9.166356e-001
1.384698e+003,9.187660e-001
1.386626e+003,9.188784e-001
1.388555e+003,9.165618e-001
1.390483e+003,9.123822e-001
1.392412e+003,9.055026e-001
1.394340e+003,8.964052e-001
1.396269e+003,8.859964e-001
1.398197e+003,8.752995e-001
1.400126e+003,8.640498e-001
1.402054e+003,8.539559e-001
1.403983e+003,8.450346e-001
1.405911e+003,8.385457e-001
1.407840e+003,8.344652e-001
1.409769e+003,8.326303e-001
1.411697e+003,8.321506e-001
1.413626e+003,8.327941e-001
1.415554e+003,8.328020e-001
1.417483e+003,8.313730e-001
1.419411e+003,8.270546e-001
1.421340e+003,8.201498e-001
1.423268e+003,8.089027e-001
1.425197e+003,7.930268e-001
1.427125e+003,7.736486e-001
1.429054e+003,7.521931e-001
1.430983e+003,7.296679e-001
1.432911e+003,7.078666e-001
1.434840e+003,6.870844e-001
1.436768e+003,6.663454e-001
1.438697e+003,6.465526e-001
1.440625e+003,6.289051e-001
1.442554e+003,6.118883e-001
1.444482e+003,5.960591e-001
1.446411e+003,5.817771e-001
1.448340e+003,5.692170e-001
1.450268e+003,5.589982e-001
1.452197e+003,5.515757e-001
1.454125e+003,5.470794e-001
1.456054e+003,5.454730e-001
1.457982e+003,5.454829e-001
1.459911e+003,5.472672e-001
1.461839e+003,5.505317e-001
1.463768e+003,5.546403e-001
1.465697e+003,5.585760e-001
1.467625e+003,5.617274e-001
1.469554e+003,5.639482e-001
1.471482e+003,5.646280e-001
1.473411e+003,5.627383e-001
1.475339e+003,5.585320e-001
1.477268e+003,5.521876e-001
1.479196e+003,5.442228e-001
1.481125e+003,5.352380e-001
1.483053e+003,5.257732e-001
1.484982e+003,5.164894e-001
1.486911e+003,5.075255e-001
1.488839e+003,4.987776e-001
1.490768e+003,4.903329e-001
1.492696e+003,4.826030e-001
1.494625e+003,4.761439e-001
1.496553e+003,4.700411e-001
1.498482e+003,4.642812e-001
1.500410e+003,4.591883e-001
1.502339e+003,4.548451e-001
1.504267e+003,4.516907e-001
1.506196e+003,4.486082e-001
1.508125e+003,4.449660e-001
1.510053e+003,4.426378e-001
1.511982e+003,4.414500e-001
1.513910e+003,4.410850e-001
1.515839e+003,4.416325e-001
1.517767e+003,4.428416e-001
1.519696e+003,4.448198e-001
1.521624e+003,4.469420e-001
1.523553e+003,4.486746e-001
1.525481e+003,4.504875e-001
1.527410e+003,4.519873e-001
1.529339e+003,4.531134e-001
1.531267e+003,4.540443e-001
1.533196e+003,4.544981e-001
1.535124e+003,4.541058e-001
1.537053e+003,4.537730e-001
1.538981e+003,4.533454e-001
1.540910e+003,4.518117e-001
1.542838e+003,4.503040e-001
1.544767e+003,4.492378e-001
1.546696e+003,4.487095e-001
1.548624e+003,4.486021e-001
1.550553e+003,4.488430e-001
1.552481e+003,4.495873e-001
1.554410e+003,4.505272e-001
1.556338e+003,4.515623e-001
1.558267e+003,4.527659e-001
1.560195e+003,4.528656e-001
1.562124e+003,4.522487e-001
1.564052e+003,4.513111e-001
1.565981e+003,4.497826e-001
1.567910e+003,4.477654e-001
1.569838e+003,4.452194e-001
1.571767e+003,4.426188e-001
1.573695e+003,4.412957e-001
1.575624e+003,4.412718e-001
1.577552e+003,4.418874e-001
1.579481e+003,4.436940e-001
1.581409e+003,4.471365e-001
1.583338e+003,4.513432e-001
1.585266e+003,4.560392e-001
1.587195e+003,4.606327e-001
1.589124e+003,4.648213e-001
1.591052e+003,4.679873e-001
1.592981e+003,4.699963e-001
1.594909e+003,4.704995e-001
1.596838e+003,4.697439e-001
1.598766e+003,4.677090e-001
1.600695e+003,4.648809e-001
1.602623e+003,4.613094e-001
1.604552e+003,4.575458e-001
1.606480e+003,4.536380e-001
1.608409e+003,4.498996e-001
1.610338e+003,4.462605e-001
1.612266e+003,4.431113e-001
1.614195e+003,4.405487e-001
1.616123e+003,4.385892e-001
1.618052e+003,4.361523e-001
1.619980e+003,4.343879e-001
1.621909e+003,4.335234e-001
1.623837e+003,4.331191e-001
1.625766e+003,4.329864e-001
1.627695e+003,4.336676e-001
1.629623e+003,4.348235e-001
1.631552e+003,4.368947e-001
1.633480e+003,4.400048e-001
1.635409e+003,4.443215e-001
1.637337e+003,4.489849e-001
1.639266e+003,4.550833e-001
1.641194e+003,4.629465e-001
1.643123e+003,4.728711e-001
1.645052e+003,4.849623e-001
1.646980e+003,5.000239e-001
1.648909e+003,5.172654e-001
1.650837e+003,5.369366e-001
1.652766e+003,5.619634e-001
1.654694e+003,5.913585e-001
1.656623e+003,6.198254e-001
1.658551e+003,6.507460e-001
1.660480e+003,6.818106e-001
1.662408e+003,7.117982e-001
1.664337e+003,7.389563e-001
1.666266e+003,7.617798e-001
1.668194e+003,7.798197e-001
1.670123e+003,7.945864e-001
1.672051e+003,8.056930e-001
1.673980e+003,8.143538e-001
1.675908e+003,8.217872e-001
1.677837e+003,8.294984e-001
1.679765e+003,8.366135e-001
1.681694e+003,8.435819e-001
1.683622e+003,8.489328e-001
1.685551e+003,8.552866e-001
1.687479e+003,8.617892e-001
1.689408e+003,8.680929e-001
1.691337e+003,8.754473e-001
1.693265e+003,8.842199e-001
1.695194e+003,8.936146e-001
1.697122e+003,9.056164e-001
1.699051e+003,9.168923e-001
1.700979e+003,9.293281e-001
1.702908e+003,9.423805e-001
1.704836e+003,9.534938e-001
1.706765e+003,9.632396e-001
1.708693e+003,9.719652e-001
1.710622e+003,9.783484e-001
1.712551e+003,9.836174e-001
1.714479e+003,9.877044e-001
1.716408e+003,9.918206e-001
1.718336e+003,9.973387e-001
1.720265e+003,1.005588e+000
1.722193e+003,1.012744e+000
1.724122e+003,1.019947e+000
1.726050e+003,1.027347e+000
1.727979e+003,1.035516e+000
1.729908e+003,1.043565e+000
1.731836e+003,1.051017e+000
1.733765e+003,1.057591e+000
1.735693e+003,1.069440e+000
1.737622e+003,1.082198e+000
1.739550e+003,1.094921e+000
1.741479e+003,1.110021e+000
1.743407e+003,1.127015e+000
1.745336e+003,1.143941e+000
1.747265e+003,1.160806e+000
1.749193e+003,1.175543e+000
1.751122e+003,1.189968e+000
1.753050e+003,1.205105e+000
1.754979e+003,1.219030e+000
1.756907e+003,1.230932e+000
1.758836e+003,1.245448e+000
1.760764e+003,1.259650e+000
1.762693e+003,1.277432e+000
1.764621e+003,1.297988e+000
1.766550e+003,1.317967e+000
1.768479e+003,1.337028e+000
1.770407e+003,1.356387e+000
1.772336e+003,1.373537e+000
1.774264e+003,1.397037e+000
1.776193e+003,1.419338e+000
1.778121e+003,1.438161e+000
1.780050e+003,1.452742e+000
1.781978e+003,1.466345e+000
1.783907e+003,1.473984e+000
1.785835e+003,1.477277e+000
1.787764e+003,1.474151e+000
1.789693e+003,1.463572e+000
1.791621e+003,1.444830e+000
1.793550e+003,1.427895e+000
1.795478e+003,1.411615e+000
1.797407e+003,1.391838e+000
1.799335e+003,1.368449e+000
1.801264e+003,1.344411e+000
1.803192e+003,1.318838e+000
1.805121e+003,1.291530e+000
1.807049e+003,1.261140e+000
1.808978e+003,1.229525e+000
1.810907e+003,1.197996e+000
1.812835e+003,1.169138e+000
1.814764e+003,1.143043e+000
1.816692e+003,1.120104e+000
1.818621e+003,1.100400e+000
1.820549e+003,1.084277e+000
1.822478e+003,1.070919e+000
1.824406e+003,1.060048e+000
1.826335e+003,1.051967e+000
1.828264e+003,1.046032e+000
1.830192e+003,1.040846e+000
1.832121e+003,1.036907e+000
1.834049e+003,1.032474e+000
1.835978e+003,1.026903e+000
1.837906e+003,1.020228e+000
1.839835e+003,1.012768e+000
1.841763e+003,1.003971e+000
1.843692e+003,9.937468e-001
1.845620e+003,9.837286e-001
1.847549e+003,9.742640e-001
1.849478e+003,9.638458e-001
1.851406e+003,9.533150e-001
1.853335e+003,9.430254e-001
1.855263e+003,9.334950e-001
1.857192e+003,9.247879e-001
1.859120e+003,9.170647e-001
1.861049e+003,9.101155e-001
1.862977e+003,9.037753e-001
1.864906e+003,8.975608e-001
1.866834e+003,8.915883e-001
1.868763e+003,8.861554e-001
1.870692e+003,8.825042e-001
1.872620e+003,8.807994e-001
1.874549e+003,8.809841e-001
1.876477e+003,8.831889e-001
1.878406e+003,8.870224e-001
1.880334e+003,8.915634e-001
1.882263e+003,8.959332e-001
1.884191e+003,8.992301e-001
1.886120e+003,9.011238e-001
1.888048e+003,9.014777e-001
1.889977e+003,9.010437e-001
1.891906e+003,9.006260e-001
1.893834e+003,9.003767e-001
1.895763e+003,9.004200e-001
1.897691e+003,9.013101e-001
1.899620e+003,9.027826e-001
1.901548e+003,9.043798e-001
1.903477e+003,9.059387e-001
1.905405e+003,9.075270e-001
1.907334e+003,9.087951e-001
1.909263e+003,9.097481e-001
1.911191e+003,9.103120e-001
1.913120e+003,9.100159e-001
1.915048e+003,9.080153e-001
1.916977e+003,9.037953e-001
1.918905e+003,8.971896e-001
1.920834e+003,8.883812e-001
1.922762e+003,8.770386e-001
1.924691e+003,8.639305e-001
1.926620e+003,8.498458e-001
1.928548e+003,8.357442e-001
1.930477e+003,8.227652e-001
1.932405e+003,8.114391e-001
1.934334e+003,8.014144e-001
1.936262e+003,7.920590e-001
1.938191e+003,7.825434e-001
1.940119e+003,7.718733e-001
1.942048e+003,7.587285e-001
1.943976e+003,7.426759e-001
1.945905e+003,7.239903e-001
1.947833e+003,7.033991e-001
1.949762e+003,6.824208e-001
1.951691e+003,6.622589e-001
1.953619e+003,6.435134e-001
1.955548e+003,6.263554e-001
1.957476e+003,6.108044e-001
1.959405e+003,5.969214e-001
1.961333e+003,5.848820e-001
1.963262e+003,5.741450e-001
1.965190e+003,5.645291e-001
1.967119e+003,5.559240e-001
1.969047e+003,5.483648e-001
1.970976e+003,5.417030e-001
1.972905e+003,5.358593e-001
1.974833e+003,5.307846e-001
1.976762e+003,5.265178e-001
1.978690e+003,5.228820e-001
1.980619e+003,5.197878e-001
1.982547e+003,5.172549e-001
1.984476e+003,5.153386e-001
1.986404e+003,5.138159e-001
1.988333e+003,5.126434e-001
1.990262e+003,5.118722e-001
1.992190e+003,5.114622e-001
1.994119e+003,5.112732e-001
1.996047e+003,5.113893e-001
1.997976e+003,5.116761e-001
1.999904e+003,5.121537e-001
2.001833e+003,5.128009e-001
2.003761e+003,5.136268e-001
2.005690e+003,5.144789e-001
2.007619e+003,5.153738e-001
2.009547e+003,5.163059e-001
2.011476e+003,5.172867e-001
2.013404e+003,5.181300e-001
2.015333e+003,5.187805e-001
2.017261e+003,5.191113e-001
2.019190e+003,5.189948e-001
2.021118e+003,5.181012e-001
2.023047e+003,5.161645e-001
2.024975e+003,5.128794e-001
2.026904e+003,5.082558e-001
2.028833e+003,5.025460e-001
2.030761e+003,4.961414e-001
2.032690e+003,4.890463e-001
2.034618e+003,4.812855e-001
2.036547e+003,4.728084e-001
2.038475e+003,4.634174e-001
2.040404e+003,4.527741e-001
2.042332e+003,4.406657e-001
2.044261e+003,4.268167e-001
2.046189e+003,4.111167e-001
2.048118e+003,3.937789e-001
2.050047e+003,3.754670e-001
2.051975e+003,3.567627e-001
2.053904e+003,3.384461e-001
2.055832e+003,3.211026e-001
2.057761e+003,3.052522e-001
2.059689e+003,2.911399e-001
2.061618e+003,2.788672e-001
2.063546e+003,2.682307e-001
2.065475e+003,2.590493e-001
2.067404e+003,2.510425e-001
2.069332e+003,2.440755e-001
2.071260e+003,2.379114e-001
2.073189e+003,2.324349e-001
2.075118e+003,2.274335e-001
2.077046e+003,2.228695e-001
2.078975e+003,2.186144e-001
2.080903e+003,2.146851e-001
2.082832e+003,2.109438e-001
2.084760e+003,2.074504e-001
2.086689e+003,2.041387e-001
2.088617e+003,2.010736e-001
2.090546e+003,1.981698e-001
2.092475e+003,1.954912e-001
2.094403e+003,1.929335e-001
2.096332e+003,1.905707e-001
2.098260e+003,1.883187e-001
2.100189e+003,1.862276e-001
2.102117e+003,1.841837e-001
2.104046e+003,1.822648e-001
2.105974e+003,1.804263e-001
2.107903e+003,1.787182e-001
2.109832e+003,1.769924e-001
2.111760e+003,1.753358e-001
2.113689e+003,1.736846e-001
2.115617e+003,1.721019e-001
2.117546e+003,1.705148e-001
2.119474e+003,1.690345e-001
2.121403e+003,1.675940e-001
2.123331e+003,1.662075e-001
2.125260e+003,1.647958e-001
2.127188e+003,1.634532e-001
2.129117e+003,1.621050e-001
2.131046e+003,1.607904e-001
2.132974e+003,1.594623e-001
2.134903e+003,1.582200e-001
2.136831e+003,1.569709e-001
2.138760e+003,1.557735e-001
2.140688e+003,1.545634e-001
2.142617e+003,1.533698e-001
2.144545e+003,1.521501e-001
2.146474e+003,1.510100e-001
2.148403e+003,1.498760e-001
2.150331e+003,1.487595e-001
2.152260e+003,1.475877e-001
2.154188e+003,1.464633e-001
2.156117e+003,1.453132e-001
2.158045e+003,1.442067e-001
2.159974e+003,1.430598e-001
2.161902e+003,1.419261e-001
2.163831e+003,1.407925e-001
2.165760e+003,1.396832e-001
2.167688e+003,1.385229e-001
2.169616e+003,1.374019e-001
2.171545e+003,1.362863e-001
2.173474e+003,1.351827e-001
2.175402e+003,1.339997e-001
2.177331e+003,1.328630e-001
2.179259e+003,1.317644e-001
2.181188e+003,1.306602e-001
2.183116e+003,1.294793e-001
2.185045e+003,1.283547e-001
2.186973e+003,1.272344e-001
2.188902e+003,1.260991e-001
2.190831e+003,1.249097e-001
2.192759e+003,1.237702e-001
2.194688e+003,1.226366e-001
2.196616e+003,1.215279e-001
2.198545e+003,1.203793e-001
2.200473e+003,1.192660e-001
2.202402e+003,1.181437e-001
2.204330e+003,1.170296e-001
2.206259e+003,1.158848e-001
2.208188e+003,1.148022e-001
2.210116e+003,1.137317e-001
2.212045e+003,1.126813e-001
2.213973e+003,1.115977e-001
2.215902e+003,1.105693e-001
2.217830e+003,1.095106e-001
2.219759e+003,1.084655e-001
2.221687e+003,1.074374e-001
2.223616e+003,1.064596e-001
2.225544e+003,1.054453e-001
2.227473e+003,1.044315e-001
2.229402e+003,1.034320e-001
2.231330e+003,1.024740e-001
2.233259e+003,1.014861e-001
2.235187e+003,1.005183e-001
2.237116e+003,9.956092e-002
2.239044e+003,9.863076e-002
2.240973e+003,9.766936e-002
2.242901e+003,9.669611e-002
2.244830e+003,9.574333e-002
2.246759e+003,9.483136e-002
2.248687e+003,9.388730e-002
2.250615e+003,9.297197e-002
2.252544e+003,9.206008e-002
2.254473e+003,9.115905e-002
2.256401e+003,9.024552e-002
2.258330e+003,8.933326e-002
2.260258e+003,8.839133e-002
2.262187e+003,8.749055e-002
2.264115e+003,8.661488e-002
2.266044e+003,8.575550e-002
2.267972e+003,8.486912e-002
2.269901e+003,8.399704e-002
2.271830e+003,8.310767e-002
2.273758e+003,8.224041e-002
2.275687e+003,8.139335e-002
2.277615e+003,8.054277e-002
2.279544e+003,7.965952e-002
2.281472e+003,7.880408e-002
2.283401e+003,7.796306e-002
2.285329e+003,7.714913e-002
2.287258e+003,7.630509e-002
2.289187e+003,7.546459e-002
2.291115e+003,7.463542e-002
2.293043e+003,7.384437e-002
2.294972e+003,7.303560e-002
2.296901e+003,7.221696e-002
2.298829e+003,7.140017e-002
2.300758e+003,7.059354e-002
2.302686e+003,6.978192e-002
2.304615e+003,6.903935e-002
2.306543e+003,6.829107e-002
2.308472e+003,6.753168e-002
2.310400e+003,6.676140e-002
2.312329e+003,6.596687e-002
2.314258e+003,6.516802e-002
2.316186e+003,6.438924e-002
2.318115e+003,6.361026e-002
2.320043e+003,6.288515e-002
2.321972e+003,6.217873e-002
2.323900e+003,6.145813e-002
2.325829e+003,6.068272e-002
2.327757e+003,5.988488e-002
2.329686e+003,5.910099e-002
2.331615e+003,5.833628e-002
2.333543e+003,5.754340e-002
2.335472e+003,5.679522e-002
2.337400e+003,5.609857e-002
2.339329e+003,5.542329e-002
2.341257e+003,5.476302e-002
2.343186e+003,5.398796e-002
2.345114e+003,5.327949e-002
2.347043e+003,5.267645e-002
2.348971e+003,5.199860e-002
2.350900e+003,5.132459e-002
2.352829e+003,5.065878e-002
2.354757e+003,5.004794e-002
2.356686e+003,4.943167e-002
2.358614e+003,4.872330e-002
2.360543e+003,4.813714e-002
2.362471e+003,4.745687e-002
2.364400e+003,4.682104e-002
2.366328e+003,4.621730e-002
2.368257e+003,4.558227e-002
2.370186e+003,4.489256e-002
2.372114e+003,4.419653e-002
2.374042e+003,4.350332e-002
2.375971e+003,4.280835e-002
2.377900e+003,4.212615e-002
2.379828e+003,4.143849e-002
2.381757e+003,4.073170e-002
2.383685e+003,4.000482e-002
2.385614e+003,3.929591e-002
2.387542e+003,3.862477e-002
2.389471e+003,3.800268e-002
2.391399e+003,3.737195e-002
2.393328e+003,3.672241e-002
2.395257e+003,3.608709e-002
2.397185e+003,3.546714e-002
2.399114e+003,3.485008e-002
2.401042e+003,3.422358e-002
2.402971e+003,3.359378e-002
2.404899e+003,3.298992e-002
2.406828e+003,3.239492e-002
2.408756e+003,3.179686e-002
2.410685e+003,3.116925e-002
2.412614e+003,3.055342e-002
2.414542e+003,2.995515e-002
2.416471e+003,2.936193e-002
2.418399e+003,2.878452e-002
2.420328e+003,2.821937e-002
2.422256e+003,2.763426e-002
2.424185e+003,2.705509e-002
2.426113e+003,2.648433e-002
2.428042e+003,2.594792e-002
2.429970e+003,2.540063e-002
2.431899e+003,2.483443e-002
2.433828e+003,2.427674e-002
2.435756e+003,2.373762e-002
2.437685e+003,2.320357e-002
2.439613e+003,2.268061e-002
2.441542e+003,2.215301e-002
2.443470e+003,2.163675e-002
2.445399e+003,2.112705e-002
2.447327e+003,2.064567e-002
2.449256e+003,2.016365e-002
2.451185e+003,1.967821e-002
2.453113e+003,1.920965e-002
2.455042e+003,1.878329e-002
2.456970e+003,1.837498e-002
2.458899e+003,1.793898e-002
2.460827e+003,1.749899e-002
2.462756e+003,1.712056e-002
2.464684e+003,1.677266e-002
2.466613e+003,1.644685e-002
2.468542e+003,1.613756e-002
2.470470e+003,1.583676e-002
2.472398e+003,1.555218e-002
2.474327e+003,1.530441e-002
2.476256e+003,1.510651e-002
2.478184e+003,1.492071e-002
2.480113e+003,1.473890e-002
2.482041e+003,1.457416e-002
2.483970e+003,1.438252e-002
2.485898e+003,1.416797e-002
2.487827e+003,1.393312e-002
2.489755e+003,1.362565e-002
2.491684e+003,1.324965e-002
2.493613e+003,1.282569e-002
2.495541e+003,1.233446e-002
2.497470e+003,1.177199e-002
2.499398e+003,1.116272e-002
2.501327e+003,1.054625e-002
2.503255e+003,9.942184e-003
2.505184e+003,9.315124e-003
2.507112e+003,8.668753e-003
2.509041e+003,8.043663e-003
2.510969e+003,7.460188e-003
2.512898e+003,6.913214e-003
2.514827e+003,6.389153e-003
2.516755e+003,5.866799e-003
2.518684e+003,5.355001e-003
2.520612e+003,4.868400e-003
2.522541e+003,4.398209e-003
2.524469e+003,3.962664e-003
2.526398e+003,3.554882e-003
2.528326e+003,3.164703e-003
2.530255e+003,2.782312e-003
2.532184e+003,2.416849e-003
2.534112e+003,2.072801e-003
2.536041e+003,1.749750e-003
2.537969e+003,1.434586e-003
2.539898e+003,1.124001e-003
2.541826e+003,8.821614e-004
2.543755e+003,6.690274e-004
2.545683e+003,4.712559e-004
2.547612e+003,2.780173e-004
2.549541e+003,8.996823e-005
2.551469e+003,-1.132043e-004
2.553397e+003,-2.968127e-004
2.555326e+003,-4.459539e-004
2.557255e+003,-5.955734e-004
2.559183e+003,-7.863205e-004
2.561112e+003,-9.760914e-004
2.563040e+003,-1.173281e-003
2.564969e+003,-1.368663e-003
2.566897e+003,-1.556991e-003
2.568826e+003,-1.743752e-003
2.570754e+003,-1.947322e-003
2.572683e+003,-2.142983e-003
2.574612e+003,-2.319243e-003
2.576540e+003,-2.496156e-003
2.578469e+003,-2.688145e-003
2.580397e+003,-2.884427e-003
2.582326e+003,-3.088779e-003
2.584254e+003,-3.298263e-003
2.586183e+003,-3.523357e-003
2.588111e+003,-3.718769e-003
2.590040e+003,-3.903651e-003
2.591969e+003,-4.116354e-003
2.593897e+003,-4.344567e-003
2.595826e+003,-4.542692e-003
2.597754e+003,-4.744594e-003
2.599683e+003,-4.944044e-003
2.601611e+003,-5.163637e-003
2.603540e+003,-5.378374e-003
2.605468e+003,-5.611388e-003
2.607397e+003,-5.862355e-003
2.609325e+003,-6.132092e-003
2.611254e+003,-6.408290e-003
2.613183e+003,-6.732045e-003
2.615111e+003,-7.070717e-003
2.617040e+003,-7.419874e-003
2.618968e+003,-7.790134e-003
2.620897e+003,-8.191294e-003
2.622825e+003,-8.575126e-003
2.624754e+003,-8.979943e-003
2.626682e+003,-9.423616e-003
2.628611e+003,-9.902108e-003
2.630540e+003,-1.035594e-002
2.632468e+003,-1.080319e-002
2.634396e+003,-1.125382e-002
2.636325e+003,-1.173178e-002
2.638254e+003,-1.219884e-002
2.640182e+003,-1.268906e-002
2.642111e+003,-1.316429e-002
2.644039e+003,-1.364986e-002
2.645968e+003,-1.413376e-002
2.647896e+003,-1.461952e-002
2.649825e+003,-1.506851e-002
2.651753e+003,-1.554099e-002
2.653682e+003,-1.601049e-002
2.655611e+003,-1.647655e-002
2.657539e+003,-1.692363e-002
2.659468e+003,-1.738830e-002
2.661396e+003,-1.784096e-002
2.663325e+003,-1.826926e-002
2.665253e+003,-1.869438e-002
2.667182e+003,-1.914175e-002
2.669110e+003,-1.953956e-002
2.671039e+003,-1.994085e-002
2.672968e+003,-2.034470e-002
2.674896e+003,-2.075939e-002
2.676825e+003,-2.115837e-002
2.678753e+003,-2.154618e-002
2.680682e+003,-2.189574e-002
2.682610e+003,-2.228859e-002
2.684539e+003,-2.268042e-002
2.686467e+003,-2.306084e-002
2.688396e+003,-2.341788e-002
2.690324e+003,-2.378727e-002
2.692253e+003,-2.413779e-002
2.694182e+003,-2.450278e-002
2.696110e+003,-2.487919e-002
2.698039e+003,-2.526357e-002
2.699967e+003,-2.562340e-002
2.701896e+003,-2.598386e-002
2.703824e+003,-2.633776e-002
2.705753e+003,-2.670646e-002
2.707681e+003,-2.706876e-002
2.709610e+003,-2.743006e-002
2.711539e+003,-2.776966e-002
2.713467e+003,-2.812944e-002
2.715396e+003,-2.844212e-002
2.717324e+003,-2.875619e-002
2.719253e+003,-2.907806e-002
2.721181e+003,-2.939815e-002
2.723110e+003,-2.967269e-002
2.725038e+003,-2.993704e-002
2.726967e+003,-3.021975e-002
2.728896e+003,-3.055258e-002
2.730824e+003,-3.082019e-002
2.732752e+003,-3.108113e-002
2.734681e+003,-3.135952e-002
2.736610e+003,-3.164401e-002
2.738538e+003,-3.190270e-002
2.740467e+003,-3.219640e-002
2.742395e+003,-3.248954e-002
2.744324e+003,-3.279314e-002
2.746252e+003,-3.307402e-002
2.748181e+003,-3.336853e-002
2.750109e+003,-3.367066e-002
2.752038e+003,-3.401817e-002
2.753967e+003,-3.436479e-002
2.755895e+003,-3.471293e-002
2.757824e+003,-3.503018e-002
2.759752e+003,-3.537871e-002
2.761681e+003,-3.572122e-002
2.763609e+003,-3.606130e-002
2.765538e+003,-3.637259e-002
2.767466e+003,-3.670674e-002
2.769395e+003,-3.703817e-002
2.771323e+003,-3.735168e-002
2.773252e+003,-3.762729e-002
2.775181e+003,-3.793006e-002
2.777109e+003,-3.825546e-002
2.779038e+003,-3.856973e-002
2.780966e+003,-3.884948e-002
2.782895e+003,-3.915917e-002
2.784823e+003,-3.944008e-002
2.786752e+003,-3.971957e-002
2.788680e+003,-3.995956e-002
2.790609e+003,-4.024440e-002
2.792538e+003,-4.053430e-002
2.794466e+003,-4.081278e-002
2.796395e+003,-4.104389e-002
2.798323e+003,-4.126845e-002
2.800252e+003,-4.150864e-002
2.802180e+003,-4.178310e-002
2.804109e+003,-4.203525e-002
2.806037e+003,-4.228662e-002
2.807966e+003,-4.250973e-002
2.809895e+003,-4.274816e-002
2.811823e+003,-4.298439e-002
2.813751e+003,-4.322879e-002
2.815680e+003,-4.344929e-002
2.817609e+003,-4.367555e-002
2.819537e+003,-4.388743e-002
2.821466e+003,-4.410843e-002
2.823394e+003,-4.432791e-002
2.825323e+003,-4.459372e-002
2.827251e+003,-4.483148e-002
2.829180e+003,-4.506526e-002
2.831108e+003,-4.527668e-002
2.833037e+003,-4.550014e-002
2.834966e+003,-4.568882e-002
2.836894e+003,-4.583038e-002
2.838823e+003,-4.596360e-002
2.840751e+003,-4.623878e-002
2.842680e+003,-4.646850e-002
2.844608e+003,-4.660808e-002
2.846537e+003,-4.663724e-002
2.848465e+003,-4.664097e-002
2.850394e+003,-4.669262e-002
2.852323e+003,-4.691381e-002
2.854251e+003,-4.721599e-002
2.856180e+003,-4.753906e-002
2.858108e+003,-4.783740e-002
2.860037e+003,-4.813348e-002
2.861965e+003,-4.844113e-002
2.863894e+003,-4.876832e-002
2.865822e+003,-4.903175e-002
2.867751e+003,-4.926642e-002
2.869679e+003,-4.941548e-002
2.871608e+003,-4.953490e-002
2.873537e+003,-4.967527e-002
2.875465e+003,-4.994202e-002
2.877394e+003,-5.020763e-002
2.879322e+003,-5.044529e-002
2.881251e+003,-5.061742e-002
2.883179e+003,-5.077779e-002
2.885108e+003,-5.093847e-002
2.887036e+003,-5.110649e-002
2.888965e+003,-5.123866e-002
2.890894e+003,-5.140430e-002
2.892822e+003,-5.157908e-002
2.894750e+003,-5.172146e-002
2.896679e+003,-5.183522e-002
2.898608e+003,-5.202841e-002
2.900536e+003,-5.219354e-002
2.902465e+003,-5.236272e-002
2.904393e+003,-5.248820e-002
2.906322e+003,-5.261752e-002
2.908250e+003,-5.269365e-002
2.910179e+003,-5.271757e-002
2.912107e+003,-5.258179e-002
2.914036e+003,-5.242750e-002
2.915965e+003,-5.238706e-002
2.917893e+003,-5.243361e-002
2.919822e+003,-5.252836e-002
2.921750e+003,-5.271082e-002
2.923679e+003,-5.290582e-002
2.925607e+003,-5.311524e-002
2.927536e+003,-5.328746e-002
2.929464e+003,-5.349500e-002
2.931393e+003,-5.378813e-002
2.933322e+003,-5.409078e-002
2.935250e+003,-5.432458e-002
2.937179e+003,-5.456223e-002
2.939107e+003,-5.475447e-002
2.941036e+003,-5.493085e-002
2.942964e+003,-5.501700e-002
2.944893e+003,-5.512065e-002
2.946821e+003,-5.521710e-002
2.948750e+003,-5.539290e-002
2.950678e+003,-5.550282e-002
2.952607e+003,-5.556642e-002
2.954536e+003,-5.568215e-002
2.956464e+003,-5.580230e-002
2.958393e+003,-5.587994e-002
2.960321e+003,-5.597658e-002
2.962250e+003,-5.600844e-002
2.964178e+003,-5.607120e-002
2.966107e+003,-5.615488e-002
2.968035e+003,-5.628017e-002
2.969964e+003,-5.640662e-002
2.971893e+003,-5.653543e-002
2.973821e+003,-5.661003e-002
2.975750e+003,-5.673576e-002
2.977678e+003,-5.686093e-002
2.979607e+003,-5.694061e-002
2.981535e+003,-5.704687e-002
2.983464e+003,-5.724523e-002
2.985392e+003,-5.742864e-002
2.987321e+003,-5.759688e-002
2.989250e+003,-5.776004e-002
2.991178e+003,-5.787901e-002
2.993106e+003,-5.799827e-002
2.995035e+003,-5.824965e-002
2.996964e+003,-5.843912e-002
2.998892e+003,-5.868213e-002
3.000821e+003,-5.893493e-002
3.002749e+003,-5.913730e-002
3.004678e+003,-5.933486e-002
3.006606e+003,-5.958121e-002
3.008535e+003,-5.974046e-002
3.010463e+003,-5.981784e-002
3.012392e+003,-5.992439e-002
3.014321e+003,-6.015348e-002
3.016249e+003,-6.039759e-002
3.018178e+003,-6.064691e-002
3.020106e+003,-6.091510e-002
3.022035e+003,-6.117816e-002
3.023963e+003,-6.135069e-002
3.025892e+003,-6.154823e-002
3.027820e+003,-6.174704e-002
3.029749e+003,-6.194138e-002
3.031677e+003,-6.211642e-002
3.033606e+003,-6.225829e-002
3.035535e+003,-6.237834e-002
3.037463e+003,-6.259803e-002
3.039392e+003,-6.274793e-002
3.041320e+003,-6.282152e-002
3.043249e+003,-6.293640e-002
3.045177e+003,-6.313643e-002
3.047106e+003,-6.332075e-002
3.049034e+003,-6.347086e-002
3.050963e+003,-6.356630e-002
3.052891e+003,-6.374557e-002
3.054820e+003,-6.388510e-002
3.056749e+003,-6.400128e-002
3.058677e+003,-6.413309e-002
3.060606e+003,-6.430456e-002
3.062534e+003,-6.441548e-002
3.064463e+003,-6.450079e-002
3.066391e+003,-6.450725e-002
3.068320e+003,-6.460392e-002
3.070248e+003,-6.478604e-002
3.072177e+003,-6.493933e-002
3.074105e+003,-6.503212e-002
3.076034e+003,-6.508498e-002
3.077963e+003,-6.508554e-002
3.079891e+003,-6.518270e-002
3.081820e+003,-6.530021e-002
3.083748e+003,-6.538796e-002
3.085677e+003,-6.547175e-002
3.087605e+003,-6.565136e-002
3.089534e+003,-6.575371e-002
3.091462e+003,-6.585494e-002
3.093391e+003,-6.595010e-002
3.095320e+003,-6.605341e-002
3.097248e+003,-6.614308e-002
3.099177e+003,-6.622624e-002
3.101105e+003,-6.632867e-002
3.103034e+003,-6.646877e-002
3.104962e+003,-6.656124e-002
3.106891e+003,-6.662241e-002
3.108819e+003,-6.664667e-002
3.110748e+003,-6.676213e-002
3.112677e+003,-6.684148e-002
3.114605e+003,-6.687047e-002
3.116533e+003,-6.686312e-002
3.118462e+003,-6.691778e-002
3.120391e+003,-6.699220e-002
3.122319e+003,-6.717335e-002
3.124248e+003,-6.732239e-002
3.126176e+003,-6.742222e-002
3.128105e+003,-6.747881e-002
3.130033e+003,-6.753741e-002
3.131962e+003,-6.761039e-002
3.133890e+003,-6.770284e-002
3.135819e+003,-6.774875e-002
3.137748e+003,-6.777370e-002
3.139676e+003,-6.777758e-002
3.141605e+003,-6.789728e-002
3.143533e+003,-6.799541e-002
3.145462e+003,-6.806332e-002
3.147390e+003,-6.809318e-002
3.149319e+003,-6.811740e-002
3.151247e+003,-6.806980e-002
3.153176e+003,-6.810887e-002
3.155104e+003,-6.825655e-002
3.157033e+003,-6.836408e-002
3.158962e+003,-6.840139e-002
3.160890e+003,-6.846215e-002
3.162819e+003,-6.851060e-002
3.164747e+003,-6.856459e-002
3.166676e+003,-6.859484e-002
3.168604e+003,-6.861603e-002
3.170533e+003,-6.864338e-002
3.172461e+003,-6.868847e-002
3.174390e+003,-6.869821e-002
3.176319e+003,-6.871655e-002
3.178247e+003,-6.871263e-002
3.180176e+003,-6.870122e-002
3.182104e+003,-6.867349e-002
3.184033e+003,-6.868190e-002
3.185961e+003,-6.868692e-002
3.187890e+003,-6.869934e-002
3.189818e+003,-6.867785e-002
3.191747e+003,-6.863617e-002
3.193676e+003,-6.859366e-002
3.195604e+003,-6.862349e-002
3.197532e+003,-6.863389e-002
3.199461e+003,-6.860636e-002
3.201390e+003,-6.853970e-002
3.203318e+003,-6.850133e-002
3.205247e+003,-6.843727e-002
3.207175e+003,-6.837430e-002
3.209104e+003,-6.830812e-002
3.211032e+003,-6.826787e-002
3.212961e+003,-6.819066e-002
3.214889e+003,-6.813541e-002
3.216818e+003,-6.806922e-002
3.218747e+003,-6.800919e-002
3.220675e+003,-6.796965e-002
3.222604e+003,-6.797620e-002
3.224532e+003,-6.798279e-002
3.226461e+003,-6.801568e-002
3.228389e+003,-6.803935e-002
3.230318e+003,-6.807903e-002
3.232246e+003,-6.804795e-002
3.234175e+003,-6.810981e-002
3.236104e+003,-6.831342e-002
3.238032e+003,-6.845572e-002
3.239961e+003,-6.854195e-002
3.241889e+003,-6.866495e-002
3.243818e+003,-6.877463e-002
3.245746e+003,-6.885449e-002
3.247675e+003,-6.891146e-002
3.249603e+003,-6.908754e-002
3.251532e+003,-6.923052e-002
3.253460e+003,-6.934422e-002
3.255389e+003,-6.943737e-002
3.257318e+003,-6.956998e-002
3.259246e+003,-6.970431e-002
3.261175e+003,-6.982155e-002
3.263103e+003,-6.990754e-002
3.265032e+003,-7.003187e-002
3.266960e+003,-7.015839e-002
3.268889e+003,-7.022877e-002
3.270817e+003,-7.022244e-002
3.272746e+003,-7.040541e-002
3.274675e+003,-7.063226e-002
3.276603e+003,-7.079072e-002
3.278531e+003,-7.092800e-002
3.280460e+003,-7.104596e-002
3.282389e+003,-7.114166e-002
3.284317e+003,-7.125981e-002
3.286246e+003,-7.135662e-002
3.288174e+003,-7.143868e-002
3.290103e+003,-7.144053e-002
3.292031e+003,-7.142616e-002
3.293960e+003,-7.150526e-002
3.295888e+003,-7.155537e-002
3.297817e+003,-7.158690e-002
3.299746e+003,-7.165326e-002
3.301674e+003,-7.167672e-002
3.303603e+003,-7.159613e-002
3.305531e+003,-7.143907e-002
3.307460e+003,-7.143950e-002
3.309388e+003,-7.151163e-002
3.311317e+003,-7.157841e-002
3.313245e+003,-7.159220e-002
3.315174e+003,-7.157263e-002
3.317103e+003,-7.150858e-002
3.319031e+003,-7.141505e-002
3.320960e+003,-7.127515e-002
3.322888e+003,-7.114798e-002
3.324817e+003,-7.100970e-002
3.326745e+003,-7.095204e-002
3.328674e+003,-7.097066e-002
3.330602e+003,-7.104404e-002
3.332531e+003,-7.120067e-002
3.334459e+003,-7.137226e-002
3.336388e+003,-7.148617e-002
3.338317e+003,-7.156250e-002
3.340245e+003,-7.169954e-002
3.342174e+003,-7.185654e-002
3.344102e+003,-7.190605e-002
3.346031e+003,-7.192791e-002
3.347959e+003,-7.189722e-002
3.349888e+003,-7.175414e-002
3.351816e+003,-7.164644e-002
3.353745e+003,-7.166919e-002
3.355674e+003,-7.166472e-002
3.357602e+003,-7.169295e-002
3.359531e+003,-7.179756e-002
3.361459e+003,-7.199100e-002
3.363388e+003,-7.221679e-002
3.365316e+003,-7.239053e-002
3.367245e+003,-7.244250e-002
3.369173e+003,-7.247664e-002
3.371102e+003,-7.261810e-002
3.373031e+003,-7.279182e-002
3.374959e+003,-7.286381e-002
3.376887e+003,-7.289132e-002
3.378816e+003,-7.291045e-002
3.380745e+003,-7.296485e-002
3.382673e+003,-7.302068e-002
3.384602e+003,-7.312195e-002
3.386530e+003,-7.322195e-002
3.388459e+003,-7.325344e-002
3.390387e+003,-7.314648e-002
3.392316e+003,-7.315935e-002
3.394244e+003,-7.332173e-002
3.396173e+003,-7.340194e-002
3.398102e+003,-7.336941e-002
3.400030e+003,-7.320169e-002
3.401959e+003,-7.313987e-002
3.403887e+003,-7.324094e-002
3.405816e+003,-7.330099e-002
3.407744e+003,-7.329202e-002
3.409673e+003,-7.325347e-002
3.411601e+003,-7.324354e-002
3.413530e+003,-7.325747e-002
3.415458e+003,-7.329625e-002
3.417387e+003,-7.329526e-002
3.419316e+003,-7.327875e-002
3.421244e+003,-7.327718e-002
3.423173e+003,-7.333647e-002
3.425101e+003,-7.338388e-002
3.427030e+003,-7.340113e-002
3.428958e+003,-7.339657e-002
3.430887e+003,-7.341523e-002
3.432815e+003,-7.341413e-002
3.434744e+003,-7.333305e-002
3.436673e+003,-7.331665e-002
3.438601e+003,-7.337219e-002
3.440530e+003,-7.337265e-002
3.442458e+003,-7.331739e-002
3.444387e+003,-7.325634e-002
3.446315e+003,-7.320792e-002
3.448244e+003,-7.316570e-002
3.450172e+003,-7.315266e-002
3.452101e+003,-7.318903e-002
3.454030e+003,-7.329530e-002
3.455958e+003,-7.340606e-002
3.457886e+003,-7.350169e-002
3.459815e+003,-7.353825e-002
3.461744e+003,-7.358070e-002
3.463672e+003,-7.360680e-002
3.465601e+003,-7.353757e-002
3.467529e+003,-7.340607e-002
3.469458e+003,-7.333307e-002
3.471386e+003,-7.331520e-002
3.473315e+003,-7.326791e-002
3.475243e+003,-7.313567e-002
3.477172e+003,-7.301374e-002
3.479101e+003,-7.289826e-002
3.481029e+003,-7.281872e-002
3.482958e+003,-7.276049e-002
3.484886e+003,-7.269812e-002
3.486815e+003,-7.266185e-002
3.488743e+003,-7.268587e-002
3.490672e+003,-7.272837e-002
3.492600e+003,-7.276604e-002
3.494529e+003,-7.279056e-002
3.496458e+003,-7.280568e-002
3.498386e+003,-7.276970e-002
3.500315e+003,-7.269444e-002
3.502243e+003,-7.251380e-002
3.504172e+003,-7.232018e-002
3.506100e+003,-7.206909e-002
3.508029e+003,-7.174385e-002
3.509957e+003,-7.138882e-002
3.511886e+003,-7.095321e-002
3.513814e+003,-7.043792e-002
3.515743e+003,-6.989644e-002
3.517672e+003,-6.926749e-002
3.519600e+003,-6.862704e-002
3.521529e+003,-6.802085e-002
3.523457e+003,-6.765239e-002
3.525386e+003,-6.771071e-002
3.527314e+003,-6.818832e-002
3.529243e+003,-6.890838e-002
3.531171e+003,-6.971909e-002
3.533100e+003,-7.046442e-002
3.535029e+003,-7.097252e-002
3.536957e+003,-7.123419e-002
3.538885e+003,-7.129992e-002
3.540814e+003,-7.131998e-002
3.542743e+003,-7.152750e-002
3.544671e+003,-7.187276e-002
3.546600e+003,-7.225247e-002
3.548528e+003,-7.249631e-002
3.550457e+003,-7.251679e-002
3.552385e+003,-7.246165e-002
3.554314e+003,-7.218425e-002
3.556242e+003,-7.150288e-002
3.558171e+003,-7.048258e-002
3.560100e+003,-6.939108e-002
3.562028e+003,-6.866629e-002
3.563957e+003,-6.843171e-002
3.565885e+003,-6.806822e-002
3.567814e+003,-6.667846e-002
3.569742e+003,-6.415460e-002
3.571671e+003,-6.220873e-002
3.573599e+003,-6.265657e-002
3.575528e+003,-6.515558e-002
3.577457e+003,-6.803058e-002
3.579385e+003,-7.039623e-002
3.581314e+003,-7.216509e-002
3.583242e+003,-7.340559e-002
3.585171e+003,-7.413769e-002
3.587099e+003,-7.459840e-002
3.589028e+003,-7.486833e-002
3.590956e+003,-7.493147e-002
3.592885e+003,-7.499366e-002
3.594813e+003,-7.512374e-002
3.596742e+003,-7.520625e-002
3.598671e+003,-7.519919e-002
3.600599e+003,-7.523473e-002
3.602528e+003,-7.528631e-002
3.604456e+003,-7.533954e-002
3.606385e+003,-7.544724e-002
3.608313e+003,-7.554802e-002
3.610242e+003,-7.555655e-002
3.612170e+003,-7.549360e-002
3.614099e+003,-7.548669e-002
3.616028e+003,-7.548125e-002
3.617956e+003,-7.546650e-002
3.619885e+003,-7.544852e-002
3.621813e+003,-7.536077e-002
3.623742e+003,-7.535282e-002
3.625670e+003,-7.543202e-002
3.627599e+003,-7.537528e-002
3.629527e+003,-7.536332e-002
3.631456e+003,-7.519140e-002
3.633385e+003,-7.514182e-002
3.635313e+003,-7.529082e-002
3.637241e+003,-7.537296e-002
3.639170e+003,-7.543520e-002
3.641099e+003,-7.545777e-002
3.643027e+003,-7.548998e-002
3.644956e+003,-7.556461e-002
3.646884e+003,-7.567504e-002
3.648813e+003,-7.568776e-002
3.650741e+003,-7.565803e-002
3.652670e+003,-7.560070e-002
3.654598e+003,-7.547980e-002
3.656527e+003,-7.547110e-002
3.658456e+003,-7.540766e-002
3.660384e+003,-7.534163e-002
3.662313e+003,-7.536140e-002
3.664241e+003,-7.540853e-002
3.666170e+003,-7.546775e-002
3.668098e+003,-7.548230e-002
3.670027e+003,-7.551897e-002
3.671955e+003,-7.560803e-002
3.673884e+003,-7.549182e-002
3.675813e+003,-7.546340e-002
3.677741e+003,-7.534529e-002
3.679670e+003,-7.522801e-002
3.681598e+003,-7.516330e-002
3.683527e+003,-7.517257e-002
3.685455e+003,-7.526367e-002
3.687384e+003,-7.514730e-002
3.689312e+003,-7.512885e-002
3.691241e+003,-7.514353e-002
3.693169e+003,-7.507468e-002
3.695098e+003,-7.499386e-002
3.697027e+003,-7.496086e-002
3.698955e+003,-7.493070e-002
3.700884e+003,-7.495047e-002
3.702812e+003,-7.498202e-002
3.704741e+003,-7.492298e-002
3.706669e+003,-7.489393e-002
3.708598e+003,-7.492441e-002
3.710526e+003,-7.494409e-002
3.712455e+003,-7.491927e-002
3.714384e+003,-7.484885e-002
3.716312e+003,-7.471301e-002
3.718240e+003,-7.465620e-002
3.720169e+003,-7.460730e-002
3.722098e+003,-7.458390e-002
3.724026e+003,-7.456432e-002
3.725955e+003,-7.452232e-002
3.727883e+003,-7.456337e-002
3.729812e+003,-7.452052e-002
3.731740e+003,-7.449657e-002
3.733669e+003,-7.456601e-002
3.735597e+003,-7.453359e-002
3.737526e+003,-7.450996e-002
3.739455e+003,-7.452820e-002
3.741383e+003,-7.460067e-002
3.743312e+003,-7.430790e-002
3.745240e+003,-7.437877e-002
3.747169e+003,-7.451247e-002
3.749097e+003,-7.437941e-002
3.751026e+003,-7.422738e-002
3.752954e+003,-7.413945e-002
3.754883e+003,-7.416240e-002
3.756812e+003,-7.410872e-002
3.758740e+003,-7.404896e-002
3.760669e+003,-7.406861e-002
3.762597e+003,-7.403416e-002
3.764526e+003,-7.393637e-002
3.766454e+003,-7.397007e-002
3.768383e+003,-7.390230e-002
3.770311e+003,-7.385803e-002
3.772240e+003,-7.381992e-002
3.774168e+003,-7.381074e-002
3.776097e+003,-7.381321e-002
3.778026e+003,-7.370795e-002
3.779954e+003,-7.367495e-002
3.781883e+003,-7.366514e-002
3.783811e+003,-7.362538e-002
3.785740e+003,-7.357205e-002
3.787668e+003,-7.352461e-002
3.789597e+003,-7.348002e-002
3.791525e+003,-7.344332e-002
3.793454e+003,-7.345578e-002
3.795383e+003,-7.344552e-002
3.797311e+003,-7.357349e-002
3.799240e+003,-7.348268e-002
3.801168e+003,-7.328193e-002
3.803097e+003,-7.338890e-002
3.805025e+003,-7.329597e-002
3.806954e+003,-7.315226e-002
3.808882e+003,-7.314129e-002
3.810811e+003,-7.314193e-002
3.812740e+003,-7.320671e-002
3.814668e+003,-7.300302e-002
3.816596e+003,-7.300726e-002
3.818525e+003,-7.309328e-002
3.820454e+003,-7.292464e-002
3.822382e+003,-7.293776e-002
3.824311e+003,-7.290401e-002
3.826239e+003,-7.279795e-002
3.828168e+003,-7.277799e-002
3.830096e+003,-7.276007e-002
3.832025e+003,-7.274992e-002
3.833953e+003,-7.276131e-002
3.835882e+003,-7.264442e-002
3.837811e+003,-7.243535e-002
3.839739e+003,-7.247368e-002
3.841667e+003,-7.246787e-002
3.843596e+003,-7.241584e-002
3.845525e+003,-7.240944e-002
3.847453e+003,-7.243814e-002
3.849382e+003,-7.255952e-002
3.851310e+003,-7.238686e-002
3.853239e+003,-7.196562e-002
3.855167e+003,-7.201145e-002
3.857096e+003,-7.225458e-002
3.859024e+003,-7.226823e-002
3.860953e+003,-7.223279e-002
3.862882e+003,-7.216603e-002
3.864810e+003,-7.213911e-002
3.866739e+003,-7.217658e-002
3.868667e+003,-7.192077e-002
3.870596e+003,-7.185284e-002
3.872524e+003,-7.193435e-002
3.874453e+003,-7.197765e-002
3.876381e+003,-7.201270e-002
3.878310e+003,-7.188646e-002
3.880239e+003,-7.183807e-002
3.882167e+003,-7.191678e-002
3.884096e+003,-7.179683e-002
3.886024e+003,-7.168514e-002
3.887953e+003,-7.168850e-002
3.889881e+003,-7.153542e-002
3.891810e+003,-7.151083e-002
3.893738e+003,-7.157894e-002
3.895667e+003,-7.160702e-002
3.897595e+003,-7.155624e-002
3.899524e+003,-7.149138e-002
3.901453e+003,-7.141655e-002
3.903381e+003,-7.132269e-002
3.905310e+003,-7.133777e-002
3.907238e+003,-7.135928e-002
3.909167e+003,-7.131687e-002
3.911095e+003,-7.127811e-002
3.913024e+003,-7.126696e-002
3.914952e+003,-7.122852e-002
3.916881e+003,-7.114658e-002
3.918810e+003,-7.109914e-002
3.920738e+003,-7.112748e-002
3.922667e+003,-7.111376e-002
3.924595e+003,-7.106084e-002
3.926524e+003,-7.106347e-002
3.928452e+003,-7.102383e-002
3.930381e+003,-7.095295e-002
3.932309e+003,-7.089766e-002
3.934238e+003,-7.093161e-002
3.936167e+003,-7.089774e-002
3.938095e+003,-7.086742e-002
3.940023e+003,-7.079282e-002
3.941952e+003,-7.072069e-002
3.943881e+003,-7.073880e-002
3.945809e+003,-7.073490e-002
3.947738e+003,-7.068197e-002
3.949666e+003,-7.065168e-002
3.951595e+003,-7.059721e-002
3.953523e+003,-7.054834e-002
3.955452e+003,-7.050858e-002
3.957380e+003,-7.051428e-002
3.959309e+003,-7.049296e-002
3.961238e+003,-7.039792e-002
3.963166e+003,-7.029448e-002
3.965095e+003,-7.032700e-002
3.967023e+003,-7.033724e-002
3.968952e+003,-7.029158e-002
3.970880e+003,-7.021359e-002
3.972809e+003,-7.017864e-002
3.974737e+003,-7.017945e-002
3.976666e+003,-7.014344e-002
3.978594e+003,-7.006326e-002
3.980523e+003,-7.007729e-002
3.982452e+003,-7.006722e-002
3.984380e+003,-7.001865e-002
3.986309e+003,-6.995738e-002
3.988237e+003,-6.991744e-002
3.990166e+003,-6.988750e-002
3.992094e+003,-6.985807e-002
3.994023e+003,-6.980298e-002
3.995951e+003,-6.976851e-002
3.997880e+003,-6.969737e-002
3.999809e+003,-6.969500e-002
